{
  "177":{
    "PRE":{
      "mn":727.535,
      "ct":887769,
      "mx":768.957,
      "av":751.474
    },
    "WD":{
      "11":{
        "compass_right":-0.923879532511,
        "compass_up":-0.382683432365,
        "compass_degrees":247.5,
        "compass_point":"WSW",
        "ct":900
      },
      "10":{
        "compass_right":-0.707106781187,
        "compass_up":-0.707106781187,
        "compass_degrees":225.0,
        "compass_point":"SW",
        "ct":1486
      },
      "13":{
        "compass_right":-0.923879532511,
        "compass_up":0.382683432365,
        "compass_degrees":292.5,
        "compass_point":"WNW",
        "ct":367
      },
      "12":{
        "compass_right":-1.0,
        "compass_up":-0.0,
        "compass_degrees":270.0,
        "compass_point":"W",
        "ct":1429
      },
      "15":{
        "compass_right":-0.382683432365,
        "compass_up":0.923879532511,
        "compass_degrees":337.5,
        "compass_point":"NNW",
        "ct":16
      },
      "14":{
        "compass_right":-0.707106781187,
        "compass_up":0.707106781187,
        "compass_degrees":315.0,
        "compass_point":"NW",
        "ct":135
      },
      "1":{
        "compass_right":0.382683432365,
        "compass_up":0.923879532511,
        "compass_degrees":22.5,
        "compass_point":"NNE",
        "ct":19
      },
      "0":{
        "compass_right":0.0,
        "compass_up":1.0,
        "compass_degrees":0.0,
        "compass_point":"N",
        "ct":12
      },
      "3":{
        "compass_right":0.923879532511,
        "compass_up":0.382683432365,
        "compass_degrees":67.5,
        "compass_point":"ENE",
        "ct":463
      },
      "2":{
        "compass_right":0.707106781187,
        "compass_up":0.707106781187,
        "compass_degrees":45.0,
        "compass_point":"NE",
        "ct":30
      },
      "5":{
        "compass_right":0.923879532511,
        "compass_up":-0.382683432365,
        "compass_degrees":112.5,
        "compass_point":"ESE",
        "ct":145
      },
      "7":{
        "compass_right":0.382683432365,
        "compass_up":-0.923879532511,
        "compass_degrees":157.5,
        "compass_point":"SSE",
        "ct":1222
      },
      "6":{
        "compass_right":0.707106781187,
        "compass_up":-0.707106781187,
        "compass_degrees":135.0,
        "compass_point":"SE",
        "ct":851
      },
      "9":{
        "compass_right":-0.382683432365,
        "compass_up":-0.923879532511,
        "compass_degrees":202.5,
        "compass_point":"SSW",
        "ct":203
      },
      "8":{
        "compass_right":0.0,
        "compass_up":-1.0,
        "compass_degrees":180.0,
        "compass_point":"S",
        "ct":1005
      },
      "most_common":{
        "compass_right":-0.707106781187,
        "compass_up":-0.707106781187,
        "compass_degrees":225.0,
        "compass_point":"SW",
        "ct":1486
      }
    },
    "Season":"winter",
    "Last_UTC":"2019-05-28T02:37:24Z",
    "AT":{
      "mn":-100.653,
      "ct":17754,
      "mx":-21.338,
      "av":-67.778
    },
    "First_UTC":"2019-05-27T01:57:49Z",
    "HWS":{
      "mn":0.184,
      "ct":8283,
      "mx":17.085,
      "av":4.226
    }
  },
  "176":{
    "PRE":{
      "mn":727.1210000000001,
      "ct":887769,
      "mx":770.24,
      "av":751.63
    },
    "WD":{
      "11":{
        "compass_right":-0.923879532511,
        "compass_up":-0.382683432365,
        "compass_degrees":247.5,
        "compass_point":"WSW",
        "ct":869
      },
      "10":{
        "compass_right":-0.707106781187,
        "compass_up":-0.707106781187,
        "compass_degrees":225.0,
        "compass_point":"SW",
        "ct":1295
      },
      "13":{
        "compass_right":-0.923879532511,
        "compass_up":0.382683432365,
        "compass_degrees":292.5,
        "compass_point":"WNW",
        "ct":441
      },
      "12":{
        "compass_right":-1.0,
        "compass_up":-0.0,
        "compass_degrees":270.0,
        "compass_point":"W",
        "ct":1644
      },
      "15":{
        "compass_right":-0.382683432365,
        "compass_up":0.923879532511,
        "compass_degrees":337.5,
        "compass_point":"NNW",
        "ct":43
      },
      "14":{
        "compass_right":-0.707106781187,
        "compass_up":0.707106781187,
        "compass_degrees":315.0,
        "compass_point":"NW",
        "ct":102
      },
      "1":{
        "compass_right":0.382683432365,
        "compass_up":0.923879532511,
        "compass_degrees":22.5,
        "compass_point":"NNE",
        "ct":24
      },
      "0":{
        "compass_right":0.0,
        "compass_up":1.0,
        "compass_degrees":0.0,
        "compass_point":"N",
        "ct":34
      },
      "3":{
        "compass_right":0.923879532511,
        "compass_up":0.382683432365,
        "compass_degrees":67.5,
        "compass_point":"ENE",
        "ct":330
      },
      "2":{
        "compass_right":0.707106781187,
        "compass_up":0.707106781187,
        "compass_degrees":45.0,
        "compass_point":"NE",
        "ct":12
      },
      "5":{
        "compass_right":0.923879532511,
        "compass_up":-0.382683432365,
        "compass_degrees":112.5,
        "compass_point":"ESE",
        "ct":151
      },
      "7":{
        "compass_right":0.382683432365,
        "compass_up":-0.923879532511,
        "compass_degrees":157.5,
        "compass_point":"SSE",
        "ct":1339
      },
      "6":{
        "compass_right":0.707106781187,
        "compass_up":-0.707106781187,
        "compass_degrees":135.0,
        "compass_point":"SE",
        "ct":829
      },
      "9":{
        "compass_right":-0.382683432365,
        "compass_up":-0.923879532511,
        "compass_degrees":202.5,
        "compass_point":"SSW",
        "ct":380
      },
      "8":{
        "compass_right":0.0,
        "compass_up":-1.0,
        "compass_degrees":180.0,
        "compass_point":"S",
        "ct":871
      },
      "most_common":{
        "compass_right":-1.0,
        "compass_up":-0.0,
        "compass_degrees":270.0,
        "compass_point":"W",
        "ct":1644
      }
    },
    "Season":"winter",
    "Last_UTC":"2019-05-27T01:57:48Z",
    "AT":{
      "mn":-100.327,
      "ct":17756,
      "mx":-19.95,
      "av":-67.956
    },
    "First_UTC":"2019-05-26T01:18:13Z",
    "HWS":{
      "mn":0.243,
      "ct":8364,
      "mx":15.923,
      "av":4.242
    }
  },
  "174":{
    "PRE":{
      "mn":728.2439999999999,
      "ct":887770,
      "mx":770.245,
      "av":751.65
    },
    "WD":{
      "11":{
        "compass_right":-0.923879532511,
        "compass_up":-0.382683432365,
        "compass_degrees":247.5,
        "compass_point":"WSW",
        "ct":799
      },
      "10":{
        "compass_right":-0.707106781187,
        "compass_up":-0.707106781187,
        "compass_degrees":225.0,
        "compass_point":"SW",
        "ct":1527
      },
      "13":{
        "compass_right":-0.923879532511,
        "compass_up":0.382683432365,
        "compass_degrees":292.5,
        "compass_point":"WNW",
        "ct":512
      },
      "12":{
        "compass_right":-1.0,
        "compass_up":-0.0,
        "compass_degrees":270.0,
        "compass_point":"W",
        "ct":1445
      },
      "15":{
        "compass_right":-0.382683432365,
        "compass_up":0.923879532511,
        "compass_degrees":337.5,
        "compass_point":"NNW",
        "ct":29
      },
      "14":{
        "compass_right":-0.707106781187,
        "compass_up":0.707106781187,
        "compass_degrees":315.0,
        "compass_point":"NW",
        "ct":24
      },
      "1":{
        "compass_right":0.382683432365,
        "compass_up":0.923879532511,
        "compass_degrees":22.5,
        "compass_point":"NNE",
        "ct":3
      },
      "0":{
        "compass_right":0.0,
        "compass_up":1.0,
        "compass_degrees":0.0,
        "compass_point":"N",
        "ct":9
      },