{
  "180":{
    "PRE":{
      "mn":729.0980000000001,
      "ct":887769,
      "mx":769.775,
      "av":752.957
    },
    "WD":{
      "11":{
        "compass_right":-0.923879532511,
        "compass_up":-0.382683432365,
        "compass_degrees":247.5,
        "compass_point":"WSW",
        "ct":828
      },
      "10":{
        "compass_right":-0.707106781187,
        "compass_up":-0.707106781187,
        "compass_degrees":225.0,
        "compass_point":"SW",
        "ct":1208
      },
      "13":{
        "compass_right":-0.923879532511,
        "compass_up":0.382683432365,
        "compass_degrees":292.5,
        "compass_point":"WNW",
        "ct":533
      },
      "12":{
        "compass_right":-1.0,
        "compass_up":-0.0,
        "compass_degrees":270.0,
        "compass_point":"W",
        "ct":1543
      },
      "15":{
        "compass_right":-0.382683432365,
        "compass_up":0.923879532511,
        "compass_degrees":337.5,
        "compass_point":"NNW",
        "ct":22
      },
      "14":{
        "compass_right":-0.707106781187,
        "compass_up":0.707106781187,
        "compass_degrees":315.0,
        "compass_point":"NW",
        "ct":109
      },
      "1":{
        "compass_right":0.382683432365,
        "compass_up":0.923879532511,
        "compass_degrees":22.5,
        "compass_point":"NNE",
        "ct":8
      },
      "0":{
        "compass_right":0.0,
        "compass_up":1.0,
        "compass_degrees":0.0,
        "compass_point":"N",
        "ct":15
      },
      "3":{
        "compass_right":0.923879532511,
        "compass_up":0.382683432365,
        "compass_degrees":67.5,
        "compass_point":"ENE",
        "ct":222
      },
      "2":{
        "compass_right":0.707106781187,
        "compass_up":0.707106781187,
        "compass_degrees":45.0,
        "compass_point":"NE",
        "ct":16
      },
      "5":{
        "compass_right":0.923879532511,
        "compass_up":-0.382683432365,
        "compass_degrees":112.5,
        "compass_point":"ESE",
        "ct":97
      },
      "7":{
        "compass_right":0.382683432365,
        "compass_up":-0.923879532511,
        "compass_degrees":157.5,
        "compass_point":"SSE",
        "ct":1333
      },
      "6":{
        "compass_right":0.707106781187,
        "compass_up":-0.707106781187,
        "compass_degrees":135.0,
        "compass_point":"SE",
        "ct":434
      },
      "9":{
        "compass_right":-0.382683432365,
        "compass_up":-0.923879532511,
        "compass_degrees":202.5,
        "compass_point":"SSW",
        "ct":486
      },
      "8":{
        "compass_right":0.0,
        "compass_up":-1.0,
        "compass_degrees":180.0,
        "compass_point":"S",
        "ct":1471
      },
      "most_common":{
        "compass_right":-1.0,
        "compass_up":-0.0,
        "compass_degrees":270.0,
        "compass_point":"W",
        "ct":1543
      }
    },
    "Season":"winter",
    "Last_UTC":"2019-05-31T04:36:09Z",
    "AT":{
      "mn":-101.053,
      "ct":17754,
      "mx":-21.783,
      "av":-68.397
    },
    "First_UTC":"2019-05-30T03:56:34Z",
    "HWS":{
      "mn":0.17,
      "ct":8325,
      "mx":14.693,
      "av":4.296
    }
  },
  "179":{
    "PRE":{
      "mn":729.927,
      "ct":887769,
      "mx":772.3789999999999,
      "av":754.273
    },
    "WD":{
      "11":{
        "compass_right":-0.923879532511,
        "compass_up":-0.382683432365,
        "compass_degrees":247.5,
        "compass_point":"WSW",
        "ct":594
      },
      "10":{
        "compass_right":-0.707106781187,
        "compass_up":-0.707106781187,
        "compass_degrees":225.0,
        "compass_point":"SW",
        "ct":1518
      },
      "13":{
        "compass_right":-0.923879532511,
        "compass_up":0.382683432365,
        "compass_degrees":292.5,
        "compass_point":"WNW",
        "ct":653
      },
      "12":{
        "compass_right":-1.0,
        "compass_up":-0.0,
        "compass_degrees":270.0,
        "compass_point":"W",
        "ct":1573
      },
      "15":{
        "compass_right":-0.382683432365,
        "compass_up":0.923879532511,
        "compass_degrees":337.5,
        "compass_point":"NNW",
        "ct":7
      },
      "14":{
        "compass_right":-0.707106781187,
        "compass_up":0.707106781187,
        "compass_degrees":315.0,
        "compass_point":"NW",
        "ct":27
      },
      "1":{
        "compass_right":0.382683432365,
        "compass_up":0.923879532511,
        "compass_degrees":22.5,
        "compass_point":"NNE",
        "ct":10
      },
      "0":{
        "compass_right":0.0,
        "compass_up":1.0,
        "compass_degrees":0.0,
        "compass_point":"N",
        "ct":11
      },
      "3":{
        "compass_right":0.923879532511,
        "compass_up":0.382683432365,
        "compass_degrees":67.5,
        "compass_point":"ENE",
        "ct":448
      },
      "2":{
        "compass_right":0.707106781187,
        "compass_up":0.707106781187,
        "compass_degrees":45.0,
        "compass_point":"NE",
        "ct":21
      },
      "5":{
        "compass_right":0.923879532511,
        "compass_up":-0.382683432365,
        "compass_degrees":112.5,
        "compass_point":"ESE",
        "ct":148
      },
      "7":{
        "compass_right":0.382683432365,
        "compass_up":-0.923879532511,
        "compass_degrees":157.5,
        "compass_point":"SSE",
        "ct":1285
      },
      "6":{
        "compass_right":0.707106781187,
        "compass_up":-0.707106781187,
        "compass_degrees":135.0,
        "compass_point":"SE",
        "ct":790
      },
      "9":{
        "compass_right":-0.382683432365,
        "compass_up":-0.923879532511,
        "compass_degrees":202.5,
        "compass_point":"SSW",
        "ct":322
      },
      "8":{
        "compass_right":0.0,
        "compass_up":-1.0,
        "compass_degrees":180.0,
        "compass_point":"S",
        "ct":1019
      },
      "most_common":{
        "compass_right":-1.0,
        "compass_up":-0.0,
        "compass_degrees":270.0,
        "compass_point":"W",
        "ct":1573
      }
    },
    "Season":"winter",
    "Last_UTC":"2019-05-30T03:56:34Z",
    "AT":{
      "mn":-100.981,
      "ct":17755,
      "mx":-21.469,
      "av":-68.081
    },
    "First_UTC":"2019-05-29T03:16:59Z",
    "HWS":{
      "mn":0.221,
      "ct":8426,
      "mx":14.495,
      "av":4.315
    }
  },
  "178":{
    "PRE":{
      "mn":728.6030000000001,
      "ct":887770,
      "mx":771.275,
      "av":752.982
    },
    "WD":{
      "11":{
        "compass_right":-0.923879532511,
        "compass_up":-0.382683432365,
        "compass_degrees":247.5,
        "compass_point":"WSW",
        "ct":430
      },
      "10":{
        "compass_right":-0.707106781187,
        "compass_up":-0.707106781187,
        "compass_degrees":225.0,
        "compass_point":"SW",
        "ct":1657
      },
      "13":{
        "compass_right":-0.923879532511,
        "compass_up":0.382683432365,
        "compass_degrees":292.5,
        "compass_point":"WNW",
        "ct":637
      },
      "12":{
        "compass_right":-1.0,
        "compass_up":-0.0,
        "compass_degrees":270.0,
        "compass_point":"W",
        "ct":1441
      },
      "15":{
        "compass_right":-0.382683432365,
        "compass_up":0.923879532511,
        "compass_degrees":337.5,
        "compass_point":"NNW",
        "ct":6
      },
      "14":{
        "compass_right":-0.707106781187,
        "compass_up":0.707106781187,
        "compass_degrees":315.0,
        "compass_point":"NW",
        "ct":16
      },
      "1":{
        "compass_right":0.382683432365,
        "compass_up":0.923879532511,
        "compass_degrees":22.5,
        "compass_point":"NNE",
        "ct":5
      },
      "0":{
        "compass_right":0.0,
        "compass_up":1.0,
        "compass_degrees":0.0,
        "compass_point":"N",
        "ct":4
      },