{
  "227":{
    "PRE":{
      "mn":742.126,
      "ct":887772,
      "mx":781.9317,
      "av":764.749
    },
    "WD":{
      "11":{
        "compass_right":-0.923879532511,
        "compass_up":-0.382683432365,
        "compass_degrees":247.5,
        "compass_point":"WSW",
        "ct":3281
      },
      "10":{
        "compass_right":-0.707106781187,
        "compass_up":-0.707106781187,
        "compass_degrees":225.0,
        "compass_point":"SW",
        "ct":7005
      },
      "13":{
        "compass_right":-0.923879532511,
        "compass_up":0.382683432365,
        "compass_degrees":292.5,
        "compass_point":"WNW",
        "ct":12
      },
      "12":{
        "compass_right":-1.0,
        "compass_up":-0.0,
        "compass_degrees":270.0,
        "compass_point":"W",
        "ct":4093
      },
      "1":{
        "compass_right":0.382683432365,
        "compass_up":0.923879532511,
        "compass_degrees":22.5,
        "compass_point":"NNE",
        "ct":1
      },
      "most_common":{
        "compass_right":0.707106781187,
        "compass_up":-0.707106781187,
        "compass_degrees":135.0,
        "compass_point":"SE",
        "ct":8106
      },
      "3":{
        "compass_right":0.923879532511,
        "compass_up":0.382683432365,
        "compass_degrees":67.5,
        "compass_point":"ENE",
        "ct":363
      },
      "2":{
        "compass_right":0.707106781187,
        "compass_up":0.707106781187,
        "compass_degrees":45.0,
        "compass_point":"NE",
        "ct":5
      },
      "5":{
        "compass_right":0.923879532511,
        "compass_up":-0.382683432365,
        "compass_degrees":112.5,
        "compass_point":"ESE",
        "ct":735
      },
      "7":{
        "compass_right":0.382683432365,
        "compass_up":-0.923879532511,
        "compass_degrees":157.5,
        "compass_point":"SSE",
        "ct":7850
      },
      "6":{
        "compass_right":0.707106781187,
        "compass_up":-0.707106781187,
        "compass_degrees":135.0,
        "compass_point":"SE",
        "ct":8106
      },
      "9":{
        "compass_right":-0.382683432365,
        "compass_up":-0.923879532511,
        "compass_degrees":202.5,
        "compass_point":"SSW",
        "ct":5462
      },
      "8":{
        "compass_right":0.0,
        "compass_up":-1.0,
        "compass_degrees":180.0,
        "compass_point":"S",
        "ct":2788
      }
    },
    "Season":"winter",
    "Last_UTC":"2019-07-18T11:36:46Z",
    "AT":{
      "mn":-100.011,
      "ct":88778,
      "mx":-25.365,
      "av":-68.623
    },
    "First_UTC":"2019-07-17T10:57:11Z",
    "HWS":{
      "mn":0.16,
      "ct":39701,
      "mx":14.965,
      "av":4.232
    }
  },
  "233":{
    "PRE":{
      "mn":744.1174,
      "ct":856873,
      "mx":780.7662,
      "av":764.304
    },
    "WD":{
      "11":{
        "compass_right":-0.923879532511,
        "compass_up":-0.382683432365,
        "compass_degrees":247.5,
        "compass_point":"WSW",
        "ct":4673
      },
      "10":{
        "compass_right":-0.707106781187,
        "compass_up":-0.707106781187,
        "compass_degrees":225.0,
        "compass_point":"SW",
        "ct":13234
      },
      "13":{
        "compass_right":-0.923879532511,
        "compass_up":0.382683432365,
        "compass_degrees":292.5,
        "compass_point":"WNW",
        "ct":6
      },
      "12":{
        "compass_right":-1.0,
        "compass_up":-0.0,
        "compass_degrees":270.0,
        "compass_point":"W",
        "ct":9114
      },
      "1":{
        "compass_right":0.382683432365,
        "compass_up":0.923879532511,
        "compass_degrees":22.5,
        "compass_point":"NNE",
        "ct":1
      },
      "most_common":{
        "compass_right":0.707106781187,
        "compass_up":-0.707106781187,
        "compass_degrees":135.0,
        "compass_point":"SE",
        "ct":15585
      },
      "3":{
        "compass_right":0.923879532511,
        "compass_up":0.382683432365,
        "compass_degrees":67.5,
        "compass_point":"ENE",
        "ct":276
      },
      "2":{
        "compass_right":0.707106781187,
        "compass_up":0.707106781187,
        "compass_degrees":45.0,
        "compass_point":"NE",
        "ct":2
      },
      "5":{
        "compass_right":0.923879532511,
        "compass_up":-0.382683432365,
        "compass_degrees":112.5,
        "compass_point":"ESE",
        "ct":1272
      },
      "7":{
        "compass_right":0.382683432365,
        "compass_up":-0.923879532511,
        "compass_degrees":157.5,
        "compass_point":"SSE",
        "ct":14756
      },
      "6":{
        "compass_right":0.707106781187,
        "compass_up":-0.707106781187,
        "compass_degrees":135.0,
        "compass_point":"SE",
        "ct":15585
      },
      "9":{
        "compass_right":-0.382683432365,
        "compass_up":-0.923879532511,
        "compass_degrees":202.5,
        "compass_point":"SSW",
        "ct":10204
      },
      "8":{
        "compass_right":0.0,
        "compass_up":-1.0,
        "compass_degrees":180.0,
        "compass_point":"S",
        "ct":8498
      }
    },
    "Season":"winter",
    "Last_UTC":"2019-07-24T15:34:17Z",
    "AT":{
      "mn":-98.838,
      "ct":172434,
      "mx":-25.691,
      "av":-68.382
    },
    "First_UTC":"2019-07-23T14:54:42Z",
    "HWS":{
      "mn":0.19399999999999998,
      "ct":77621,
      "mx":16.169,
      "av":4.559
    }
  },
  "230":{
    "PRE":{
      "mn":744.0751,
      "ct":887713,
      "mx":781.7709,
      "av":764.54
    },
    "WD":{
      "11":{
        "compass_right":-0.923879532511,
        "compass_up":-0.382683432365,
        "compass_degrees":247.5,
        "compass_point":"WSW",
        "ct":7766
      },
      "10":{
        "compass_right":-0.707106781187,
        "compass_up":-0.707106781187,
        "compass_degrees":225.0,
        "compass_point":"SW",
        "ct":6289
      },
      "13":{
        "compass_right":-0.923879532511,
        "compass_up":0.382683432365,
        "compass_degrees":292.5,
        "compass_point":"WNW",
        "ct":256
      },
      "12":{
        "compass_right":-1.0,
        "compass_up":-0.0,
        "compass_degrees":270.0,
        "compass_point":"W",
        "ct":7105
      },
      "1":{
        "compass_right":0.382683432365,
        "compass_up":0.923879532511,
        "compass_degrees":22.5,
        "compass_point":"NNE",
        "ct":1
      },
      "most_common":{
        "compass_right":0.707106781187,
        "compass_up":-0.707106781187,
        "compass_degrees":135.0,
        "compass_point":"SE",
        "ct":12700
      },
      "3":{
        "compass_right":0.923879532511,
        "compass_up":0.382683432365,
        "compass_degrees":67.5,
        "compass_point":"ENE",
        "ct":461
      },
      "2":{
        "compass_right":0.707106781187,
        "compass_up":0.707106781187,
        "compass_degrees":45.0,
        "compass_point":"NE",
        "ct":6
      },
      "5":{
        "compass_right":0.923879532511,
        "compass_up":-0.382683432365,
        "compass_degrees":112.5,
        "compass_point":"ESE",
        "ct":1056
      },
      "7":{
        "compass_right":0.382683432365,
        "compass_up":-0.923879532511,
        "compass_degrees":157.5,
        "compass_point":"SSE",
        "ct":6220
      },
      "6":{
        "compass_right":0.707106781187,
        "compass_up":-0.707106781187,
        "compass_degrees":135.0,
        "compass_point":"SE",
        "ct":12700
      },
      "9":{
        "compass_right":-0.382683432365,
        "compass_up":-0.923879532511,
        "compass_degrees":202.5,
        "compass_point":"SSW",
        "ct":5656
      },
      "8":{
        "compass_right":0.0,
        "compass_up":-1.0,
        "compass_degrees":180.0,
        "compass_point":"S",
        "ct":5221
      }
    },
    "Season":"winter",
    "Last_UTC":"2019-07-21T13:35:32Z",
    "AT":{
      "mn":-99.333,