{
  "88":{
    "PRE":{
      "mn":694.844,
      "ct":177553,
      "mx":750.604,
      "av":724.311
    },
    "WD":{
      "11":{
        "compass_right":-0.923879532511,
        "compass_up":-0.382683432365,
        "compass_degrees":247.5,
        "compass_point":"WSW",
        "ct":677
      },
      "10":{
        "compass_right":-0.707106781187,
        "compass_up":-0.707106781187,
        "compass_degrees":225.0,
        "compass_point":"SW",
        "ct":1826
      },
      "13":{
        "compass_right":-0.923879532511,
        "compass_up":0.382683432365,
        "compass_degrees":292.5,
        "compass_point":"WNW",
        "ct":2790
      },
      "12":{
        "compass_right":-1.0,
        "compass_up":-0.0,
        "compass_degrees":270.0,
        "compass_point":"W",
        "ct":1389
      },
      "15":{
        "compass_right":-0.382683432365,
        "compass_up":0.923879532511,
        "compass_degrees":337.5,
        "compass_point":"NNW",
        "ct":289
      },
      "14":{
        "compass_right":-0.707106781187,
        "compass_up":0.707106781187,
        "compass_degrees":315.0,
        "compass_point":"NW",
        "ct":1104
      },
      "1":{
        "compass_right":0.382683432365,
        "compass_up":0.923879532511,
        "compass_degrees":22.5,
        "compass_point":"NNE",
        "ct":78
      },
      "0":{
        "compass_right":0.0,
        "compass_up":1.0,
        "compass_degrees":0.0,
        "compass_point":"N",
        "ct":213
      },
      "3":{
        "compass_right":0.923879532511,
        "compass_up":0.382683432365,
        "compass_degrees":67.5,
        "compass_point":"ENE",
        "ct":12
      },
      "2":{
        "compass_right":0.707106781187,
        "compass_up":0.707106781187,
        "compass_degrees":45.0,
        "compass_point":"NE",
        "ct":8
      },
      "5":{
        "compass_right":0.923879532511,
        "compass_up":-0.382683432365,
        "compass_degrees":112.5,
        "compass_point":"ESE",
        "ct":1
      },
      "7":{
        "compass_right":0.382683432365,
        "compass_up":-0.923879532511,
        "compass_degrees":157.5,
        "compass_point":"SSE",
        "ct":3
      },
      "9":{
        "compass_right":-0.382683432365,
        "compass_up":-0.923879532511,
        "compass_degrees":202.5,
        "compass_point":"SSW",
        "ct":165
      },
      "8":{
        "compass_right":0.0,
        "compass_up":-1.0,
        "compass_degrees":180.0,
        "compass_point":"S",
        "ct":22
      },
      "most_common":{
        "compass_right":-0.923879532511,
        "compass_up":0.382683432365,
        "compass_degrees":292.5,
        "compass_point":"WNW",
        "ct":2790
      }
    },
    "Season":"winter",
    "Last_UTC":"2019-02-25T15:54:07Z",
    "AT":{
      "mn":-95.204,
      "ct":17755,
      "mx":-17.756,
      "av":-64.206
    },
    "First_UTC":"2019-02-24T15:14:32Z",
    "HWS":{
      "mn":0.358,
      "ct":8577,
      "mx":19.788,
      "av":4.75
    }
  },
  "89":{
    "PRE":{
      "mn":690.885,
      "ct":177551,
      "mx":748.094,
      "av":720.789
    },
    "WD":{
      "11":{
        "compass_right":-0.923879532511,
        "compass_up":-0.382683432365,
        "compass_degrees":247.5,
        "compass_point":"WSW",
        "ct":555
      },
      "10":{
        "compass_right":-0.707106781187,
        "compass_up":-0.707106781187,
        "compass_degrees":225.0,
        "compass_point":"SW",
        "ct":2187
      },
      "13":{
        "compass_right":-0.923879532511,
        "compass_up":0.382683432365,
        "compass_degrees":292.5,
        "compass_point":"WNW",
        "ct":2352
      },
      "12":{
        "compass_right":-1.0,
        "compass_up":-0.0,
        "compass_degrees":270.0,
        "compass_point":"W",
        "ct":794
      },
      "15":{
        "compass_right":-0.382683432365,
        "compass_up":0.923879532511,
        "compass_degrees":337.5,
        "compass_point":"NNW",
        "ct":272
      },
      "14":{
        "compass_right":-0.707106781187,
        "compass_up":0.707106781187,
        "compass_degrees":315.0,
        "compass_point":"NW",
        "ct":674
      },
      "1":{
        "compass_right":0.382683432365,
        "compass_up":0.923879532511,
        "compass_degrees":22.5,
        "compass_point":"NNE",
        "ct":141
      },
      "0":{
        "compass_right":0.0,
        "compass_up":1.0,
        "compass_degrees":0.0,
        "compass_point":"N",
        "ct":233
      },
      "3":{
        "compass_right":0.923879532511,
        "compass_up":0.382683432365,
        "compass_degrees":67.5,
        "compass_point":"ENE",
        "ct":41
      },
      "2":{
        "compass_right":0.707106781187,
        "compass_up":0.707106781187,
        "compass_degrees":45.0,
        "compass_point":"NE",
        "ct":23
      },
      "5":{
        "compass_right":0.923879532511,
        "compass_up":-0.382683432365,
        "compass_degrees":112.5,
        "compass_point":"ESE",
        "ct":4
      },
      "7":{
        "compass_right":0.382683432365,
        "compass_up":-0.923879532511,
        "compass_degrees":157.5,
        "compass_point":"SSE",
        "ct":22
      },
      "6":{
        "compass_right":0.707106781187,
        "compass_up":-0.707106781187,
        "compass_degrees":135.0,
        "compass_point":"SE",
        "ct":6
      },
      "9":{
        "compass_right":-0.382683432365,
        "compass_up":-0.923879532511,
        "compass_degrees":202.5,
        "compass_point":"SSW",
        "ct":852
      },
      "8":{
        "compass_right":0.0,
        "compass_up":-1.0,
        "compass_degrees":180.0,
        "compass_point":"S",
        "ct":107
      },
      "most_common":{
        "compass_right":-0.923879532511,
        "compass_up":0.382683432365,
        "compass_degrees":292.5,
        "compass_point":"WNW",
        "ct":2352
      }
    },
    "Season":"winter",
    "Last_UTC":"2019-02-26T16:33:42Z",
    "AT":{
      "mn":-95.131,
      "ct":17753,
      "mx":-14.389,
      "av":-63.438
    },
    "First_UTC":"2019-02-25T15:54:07Z",
    "HWS":{
      "mn":0.186,
      "ct":8263,
      "mx":12.412,
      "av":4.223
    }
  },
  "91":{
    "PRE":{
      "mn":691.137,
      "ct":177552,
      "mx":746.97,
      "av":720.567
    },
    "WD":{
      "11":{
        "compass_right":-0.923879532511,
        "compass_up":-0.382683432365,
        "compass_degrees":247.5,
        "compass_point":"WSW",
        "ct":664
      },
      "10":{
        "compass_right":-0.707106781187,
        "compass_up":-0.707106781187,
        "compass_degrees":225.0,
        "compass_point":"SW",
        "ct":2353
      },
      "13":{
        "compass_right":-0.923879532511,
        "compass_up":0.382683432365,
        "compass_degrees":292.5,
        "compass_point":"WNW",
        "ct":2116
      },
      "12":{
        "compass_right":-1.0,
        "compass_up":-0.0,
        "compass_degrees":270.0,
        "compass_point":"W",
        "ct":631
      },
      "15":{
        "compass_right":-0.382683432365,
        "compass_up":0.923879532511,
        "compass_degrees":337.5,
        "compass_point":"NNW",
        "ct":121
      },
      "14":{
        "compass_right":-0.707106781187,
        "compass_up":0.707106781187,
        "compass_degrees":315.0,
        "compass_point":"NW",
        "ct":398
      },
      "1":{
        "compass_right":0.382683432365,
        "compass_up":0.923879532511,
        "compass_degrees":22.5,
        "compass_point":"NNE",
        "ct":91
      },
      "0":{
        "compass_right":0.0,
        "compass_up":1.0,
        "compass_degrees":0.0,
        "compass_point":"N",
        "ct":180
      },
      "3":{
        "compass_right":0.923879532511,
        "compass_up":0.382683432365,
        "compass_degrees":67.5,
        "compass_point":"ENE",
        "ct":65
      },