{
  "91":{
    "PRE":{
      "mn":691.137,
      "ct":177552,
      "mx":746.97,
      "av":720.567
    },
    "WD":{
      "11":{
        "compass_right":-0.923879532511,
        "compass_up":-0.382683432365,
        "compass_degrees":247.5,
        "compass_point":"WSW",
        "ct":664
      },
      "10":{
        "compass_right":-0.707106781187,
        "compass_up":-0.707106781187,
        "compass_degrees":225.0,
        "compass_point":"SW",
        "ct":2353
      },
      "13":{
        "compass_right":-0.923879532511,
        "compass_up":0.382683432365,
        "compass_degrees":292.5,
        "compass_point":"WNW",
        "ct":2116
      },
      "12":{
        "compass_right":-1.0,
        "compass_up":-0.0,
        "compass_degrees":270.0,
        "compass_point":"W",
        "ct":631
      },
      "15":{
        "compass_right":-0.382683432365,
        "compass_up":0.923879532511,
        "compass_degrees":337.5,
        "compass_point":"NNW",
        "ct":121
      },
      "14":{
        "compass_right":-0.707106781187,
        "compass_up":0.707106781187,
        "compass_degrees":315.0,
        "compass_point":"NW",
        "ct":398
      },
      "1":{
        "compass_right":0.382683432365,
        "compass_up":0.923879532511,
        "compass_degrees":22.5,
        "compass_point":"NNE",
        "ct":91
      },
      "0":{
        "compass_right":0.0,
        "compass_up":1.0,
        "compass_degrees":0.0,
        "compass_point":"N",
        "ct":180
      },
      "3":{
        "compass_right":0.923879532511,
        "compass_up":0.382683432365,
        "compass_degrees":67.5,
        "compass_point":"ENE",
        "ct":65
      },
      "2":{
        "compass_right":0.707106781187,
        "compass_up":0.707106781187,
        "compass_degrees":45.0,
        "compass_point":"NE",
        "ct":6
      },
      "5":{
        "compass_right":0.923879532511,
        "compass_up":-0.382683432365,
        "compass_degrees":112.5,
        "compass_point":"ESE",
        "ct":17
      },
      "7":{
        "compass_right":0.382683432365,
        "compass_up":-0.923879532511,
        "compass_degrees":157.5,
        "compass_point":"SSE",
        "ct":156
      },
      "6":{
        "compass_right":0.707106781187,
        "compass_up":-0.707106781187,
        "compass_degrees":135.0,
        "compass_point":"SE",
        "ct":16
      },
      "9":{
        "compass_right":-0.382683432365,
        "compass_up":-0.923879532511,
        "compass_degrees":202.5,
        "compass_point":"SSW",
        "ct":760
      },
      "8":{
        "compass_right":0.0,
        "compass_up":-1.0,
        "compass_degrees":180.0,
        "compass_point":"S",
        "ct":434
      },
      "most_common":{
        "compass_right":-0.707106781187,
        "compass_up":-0.707106781187,
        "compass_degrees":225.0,
        "compass_point":"SW",
        "ct":2353
      }
    },
    "Season":"winter",
    "Last_UTC":"2019-02-28T17:52:53Z",
    "AT":{
      "mn":-94.986,
      "ct":17754,
      "mx":-13.869,
      "av":-63.847
    },
    "First_UTC":"2019-02-27T17:13:18Z",
    "HWS":{
      "mn":0.181,
      "ct":8008,
      "mx":13.976,
      "av":4.177
    }
  },
  "90":{
    "PRE":{
      "mn":692.668,
      "av":721.824,
      "mx":747.441,
      "ct":177552
    },
    "WD":{
      "11":{
        "compass_right":-0.923879532511,
        "ct":266,
        "compass_up":-0.382683432365,
        "compass_point":"WSW",
        "compass_degrees":247.5
      },
      "10":{
        "compass_right":-0.707106781187,
        "ct":2566,
        "compass_up":-0.707106781187,
        "compass_point":"SW",
        "compass_degrees":225.0
      },
      "13":{
        "compass_right":-0.923879532511,
        "ct":1550,
        "compass_up":0.382683432365,
        "compass_point":"WNW",
        "compass_degrees":292.5
      },
      "12":{
        "compass_right":-1.0,
        "ct":566,
        "compass_up":-0.0,
        "compass_point":"W",
        "compass_degrees":270.0
      },
      "15":{
        "compass_right":-0.382683432365,
        "ct":197,
        "compass_up":0.923879532511,
        "compass_point":"NNW",
        "compass_degrees":337.5
      },
      "14":{
        "compass_right":-0.707106781187,
        "ct":412,
        "compass_up":0.707106781187,
        "compass_point":"NW",
        "compass_degrees":315.0
      },
      "1":{
        "compass_right":0.382683432365,
        "ct":207,
        "compass_up":0.923879532511,
        "compass_point":"NNE",
        "compass_degrees":22.5
      },
      "0":{
        "compass_right":0.0,
        "ct":347,
        "compass_up":1.0,
        "compass_point":"N",
        "compass_degrees":0.0
      },
      "3":{
        "compass_right":0.923879532511,
        "ct":59,
        "compass_up":0.382683432365,
        "compass_point":"ENE",
        "compass_degrees":67.5
      },
      "2":{
        "compass_right":0.707106781187,
        "ct":21,
        "compass_up":0.707106781187,
        "compass_point":"NE",
        "compass_degrees":45.0
      },
      "5":{
        "compass_right":0.923879532511,
        "ct":39,
        "compass_up":-0.382683432365,
        "compass_point":"ESE",
        "compass_degrees":112.5
      },
      "7":{
        "compass_right":0.382683432365,
        "ct":205,
        "compass_up":-0.923879532511,
        "compass_point":"SSE",
        "compass_degrees":157.5
      },
      "6":{
        "compass_right":0.707106781187,
        "ct":55,
        "compass_up":-0.707106781187,
        "compass_point":"SE",
        "compass_degrees":135.0
      },
      "9":{
        "compass_right":-0.382683432365,
        "ct":1018,
        "compass_up":-0.923879532511,
        "compass_point":"SSW",
        "compass_degrees":202.5
      },
      "8":{
        "compass_right":0.0,
        "ct":444,
        "compass_up":-1.0,
        "compass_point":"S",
        "compass_degrees":180.0
      },
      "most_common":{
        "compass_right":-0.707106781187,
        "ct":2566,
        "compass_up":-0.707106781187,
        "compass_point":"SW",
        "compass_degrees":225.0
      }
    },
    "Season":"winter",
    "Last_UTC":"2019-02-27T17:13:17Z",
    "AT":{
      "mn":-93.868,
      "av":-63.783,
      "mx":-12.085,
      "ct":17754
    },
    "First_UTC":"2019-02-26T16:33:42Z",
    "HWS":{
      "mn":0.18,
      "av":4.172,
      "mx":12.044,
      "ct":7952
    }
  },
  "92":{
    "PRE":{
      "mn":692.882,
      "ct":132334,
      "mx":746.534,
      "av":721.776
    },
    "WD":{
      "11":{
        "compass_right":-0.923879532511,
        "compass_up":-0.382683432365,
        "compass_degrees":247.5,
        "compass_point":"WSW",
        "ct":137
      },
      "10":{
        "compass_right":-0.707106781187,
        "compass_up":-0.707106781187,
        "compass_degrees":225.0,
        "compass_point":"SW",
        "ct":2249
      },
      "13":{
        "compass_right":-0.923879532511,
        "compass_up":0.382683432365,
        "compass_degrees":292.5,
        "compass_point":"WNW",
        "ct":368
      },
      "12":{
        "compass_right":-1.0,
        "compass_up":-0.0,
        "compass_degrees":270.0,
        "compass_point":"W",
        "ct":680
      },
      "15":{
        "compass_right":-0.382683432365,
        "compass_up":0.923879532511,
        "compass_degrees":337.5,
        "compass_point":"NNW",
        "ct":118
      },
      "14":{
        "compass_right":-0.707106781187,
        "compass_up":0.707106781187,
        "compass_degrees":315.0,
        "compass_point":"NW",
        "ct":179
      },
      "1":{
        "compass_right":0.382683432365,
        "compass_up":0.923879532511,
        "compass_degrees":22.5,
        "compass_point":"NNE",
        "ct":137
      },
      "0":{
        "compass_right":0.0,
        "compass_up":1.0,
        "compass_degrees":0.0,
        "compass_point":"N",
        "ct":150
      },